Name,x,y,z,vx,vy,vz,Mass,Radius,sx,sy,sz
SA1,9564346677,9955225453,8469093529,7966.68298,17248.9925,-4106.71202,2.90E+24,4020253.678,0,0,7.96E-05
SA2,6115327320,7445764970,1691166738,8629.03068,-12453.66437,7876.55623,6.70E+25,4626639.025,0,0,7.96E-05
SA3,3.41E+11,3019611419,9134125314,2358.759086,9456.659716,-12637.75099,4.80E+25,2323.352,0,0,7.96E-05
